{
  "id": "1821436",
  "name": "no name",
  "font_family": "iconfont",
  "css_prefix_text": "icon-",
  "description": "",
  "glyphs": [
    {
      "icon_id": "6036694",
      "name": "用户",
      "font_class": "yonghu",
      "unicode": "e646",
      "unicode_decimal": 58950
    },
    {
      "icon_id": "9143174",
      "name": "日期",
      "font_class": "riqi",
      "unicode": "e7e2",
      "unicode_decimal": 59362
    },
    {
      "icon_id": "14683075",
      "name": "收藏",
      "font_class": "shoucang_huaban1",
      "unicode": "e605",
      "unicode_decimal": 58885
    },
    {
      "icon_id": "2238116",
      "name": "标签",
      "font_class": "biaoqian",
      "unicode": "e627",
      "unicode_decimal": 58919
    },
    {
      "icon_id": "14444746",
      "name": "历史",
      "font_class": "lishi",
      "unicode": "e710",
      "unicode_decimal": 59152
    }
  ]
}
